ticker,Date,Open,High,Low,Close,Volume,Open,High,Low,Close,Volume,Open,High,Low,Close,Volume,Open,High,Low,Close,Volume,Open,High,Low,Close,Volume,Open,High,Low,Close,Volume,Open,High,Low,Close,Volume,Open,High,Low,Close,Volume,Open,High,Low,Close,Volume,Open,High,Low,Close,Volume
,,AAPL,AAPL,AAPL,AAPL,AAPL,MSFT,MSFT,MSFT,MSFT,MSFT,GOOGL,GOOGL,GOOGL,GOOGL,GOOGL,AMZN,AMZN,AMZN,AMZN,AMZN,TSLA,TSLA,TSLA,TSLA,TSLA,META,META,META,META,META,NVDA,NVDA,NVDA,NVDA,NVDA,NFLX,NFLX,NFLX,NFLX,NFLX,INTC,INTC,INTC,INTC,INTC,PYPL,PYPL,PYPL,PYPL,PYPL
AAPL,2025-08-19,231.27999877929688,232.8699951171875,229.35000610351562,230.55999755859375,39402600.0,,,,,,,,,,,,,,,,,,,,,,,,,,,,,,,,,,,,,,,,,,,,,
AAPL,2025-08-20,229.97999572753906,230.47000122070312,225.77000427246094,226.00999450683594,42263900.0,,,,,,,,,,,,,,,,,,,,,,,,,,,,,,,,,,,,,,,,,,,,,
AAPL,2025-08-21,226.27000427246094,226.52000427246094,223.77999877929688,224.89999389648438,30621200.0,,,,,,,,,,,,,,,,,,,,,,,,,,,,,,,,,,,,,,,,,,,,,
AAPL,2025-08-22,226.1699981689453,229.08999633789062,225.41000366210938,227.75999450683594,42477800.0,,,,,,,,,,,,,,,,,,,,,,,,,,,,,,,,,,,,,,,,,,,,,
AAPL,2025-08-25,226.47999572753906,229.3000030517578,226.22999572753906,227.16000366210938,30983100.0,,,,,,,,,,,,,,,,,,,,,,,,,,,,,,,,,,,,,,,,,,,,,
AAPL,2025-08-26,226.8699951171875,229.49000549316406,224.69000244140625,229.30999755859375,54575100.0,,,,,,,,,,,,,,,,,,,,,,,,,,,,,,,,,,,,,,,,,,,,,
AAPL,2025-08-27,228.61000061035156,230.89999389648438,228.25999450683594,230.49000549316406,31259500.0,,,,,,,,,,,,,,,,,,,,,,,,,,,,,,,,,,,,,,,,,,,,,
AAPL,2025-08-28,230.82000732421875,233.41000366210938,229.33999633789062,232.55999755859375,38074700.0,,,,,,,,,,,,,,,,,,,,,,,,,,,,,,,,,,,,,,,,,,,,,
AAPL,2025-08-29,232.50999450683594,233.3800048828125,231.3699951171875,232.13999938964844,39418400.0,,,,,,,,,,,,,,,,,,,,,,,,,,,,,,,,,,,,,,,,,,,,,
AAPL,2025-09-02,229.25,230.85000610351562,226.97000122070312,229.72000122070312,44075600.0,,,,,,,,,,,,,,,,,,,,,,,,,,,,,,,,,,,,,,,,,,,,,
AAPL,2025-09-03,237.2100067138672,238.85000610351562,234.36000061035156,238.47000122070312,66427800.0,,,,,,,,,,,,,,,,,,,,,,,,,,,,,,,,,,,,,,,,,,,,,
AAPL,2025-09-04,238.4499969482422,239.89999389648438,236.74000549316406,239.77999877929688,47549400.0,,,,,,,,,,,,,,,,,,,,,,,,,,,,,,,,,,,,,,,,,,,,,
AAPL,2025-09-05,240.0,241.32000732421875,238.49000549316406,239.69000244140625,54870400.0,,,,,,,,,,,,,,,,,,,,,,,,,,,,,,,,,,,,,,,,,,,,,
AAPL,2025-09-08,239.3000030517578,240.14999389648438,236.33999633789062,237.8800048828125,48999500.0,,,,,,,,,,,,,,,,,,,,,,,,,,,,,,,,,,,,,,,,,,,,,
AAPL,2025-09-09,237.0,238.77999877929688,233.36000061035156,234.35000610351562,66313900.0,,,,,,,,,,,,,,,,,,,,,,,,,,,,,,,,,,,,,,,,,,,,,
AAPL,2025-09-10,232.19000244140625,232.4199981689453,225.9499969482422,226.7899932861328,83440800.0,,,,,,,,,,,,,,,,,,,,,,,,,,,,,,,,,,,,,,,,,,,,,
AAPL,2025-09-11,226.8800048828125,230.4499969482422,226.64999389648438,230.02999877929688,50208600.0,,,,,,,,,,,,,,,,,,,,,,,,,,,,,,,,,,,,,,,,,,,,,
AAPL,2025-09-12,229.22000122070312,234.50999450683594,229.02000427246094,234.07000732421875,55824200.0,,,,,,,,,,,,,,,,,,,,,,,,,,,,,,,,,,,,,,,,,,,,,
AAPL,2025-09-15,237.0,238.19000244140625,235.02999877929688,236.6999969482422,42699500.0,,,,,,,,,,,,,,,,,,,,,,,,,,,,,,,,,,,,,,,,,,,,,
AAPL,2025-09-16,237.17999267578125,241.22000122070312,236.32000732421875,238.14999389648438,63421100.0,,,,,,,,,,,,,,,,,,,,,,,,,,,,,,,,,,,,,,,,,,,,,
AAPL,2025-09-17,238.97000122070312,240.10000610351562,237.72999572753906,238.99000549316406,46508000.0,,,,,,,,,,,,,,,,,,,,,,,,,,,,,,,,,,,,,,,,,,,,,
AAPL,2025-09-18,239.97000122070312,241.1999969482422,236.64999389648438,237.8800048828125,44249600.0,,,,,,,,,,,,,,,,,,,,,,,,,,,,,,,,,,,,,,,,,,,,,
AAPL,2025-09-19,241.22999572753906,246.3000030517578,240.2100067138672,245.5,163741300.0,,,,,,,,,,,,,,,,,,,,,,,,,,,,,,,,,,,,,,,,,,,,,
AAPL,2025-09-22,248.3000030517578,256.6400146484375,248.1199951171875,256.0799865722656,105517400.0,,,,,,,,,,,,,,,,,,,,,,,,,,,,,,,,,,,,,,,,,,,,,
AAPL,2025-09-23,255.8800048828125,257.3399963378906,253.5800018310547,254.42999267578125,60275200.0,,,,,,,,,,,,,,,,,,,,,,,,,,,,,,,,,,,,,,,,,,,,,
AAPL,2025-09-24,255.22000122070312,255.74000549316406,251.0399932861328,252.30999755859375,42303700.0,,,,,,,,,,,,,,,,,,,,,,,,,,,,,,,,,,,,,,,,,,,,,
AAPL,2025-09-25,253.2100067138672,257.1700134277344,251.7100067138672,256.8699951171875,55202100.0,,,,,,,,,,,,,,,,,,,,,,,,,,,,,,,,,,,,,,,,,,,,,
AAPL,2025-09-26,254.10000610351562,257.6000061035156,253.77999877929688,255.4600067138672,46076300.0,,,,,,,,,,,,,,,,,,,,,,,,,,,,,,,,,,,,,,,,,,,,,
AAPL,2025-09-29,254.55999755859375,255.0,253.00999450683594,254.42999267578125,40127700.0,,,,,,,,,,,,,,,,,,,,,,,,,,,,,,,,,,,,,,,,,,,,,
AAPL,2025-09-30,254.86000061035156,255.9199981689453,253.11000061035156,254.6300048828125,37666900.0,,,,,,,,,,,,,,,,,,,,,,,,,,,,,,,,,,,,,,,,,,,,,
MSFT,2025-08-19,,,,,,514.1547770514178,514.314487646487,507.7153506663982,508.933349609375,21481000.0,,,,,,,,,,,,,,,,,,,,,,,,,,,,,,,,,,,,,,,,
MSFT,2025-08-20,,,,,,509.0331975839143,510.161347905157,503.6121166003689,504.8900146484375,27723000.0,,,,,,,,,,,,,,,,,,,,,,,,,,,,,,,,,,,,,,,,
MSFT,2025-08-21,,,,,,503.69000244140625,507.6300048828125,502.7200012207031,504.239990234375,18443300.0,,,,,,,,,,,,,,,,,,,,,,,,,,,,,,,,,,,,,,,,
MSFT,2025-08-22,,,,,,504.25,510.7300109863281,502.4100036621094,507.2300109863281,24324200.0,,,,,,,,,,,,,,,,,,,,,,,,,,,,,,,,,,,,,,,,
MSFT,2025-08-25,,,,,,506.6300048828125,508.19000244140625,504.1199951171875,504.260009765625,21638600.0,,,,,,,,,,,,,,,,,,,,,,,,,,,,,,,,,,,,,,,,
MSFT,2025-08-26,,,,,,504.3599853515625,504.9800109863281,498.510009765625,502.0400085449219,30835700.0,,,,,,,,,,,,,,,,,,,,,,,,,,,,,,,,,,,,,,,,
MSFT,2025-08-27,,,,,,502.0,507.2900085449219,499.8999938964844,506.739990234375,17277900.0,,,,,,,,,,,,,,,,,,,,,,,,,,,,,,,,,,,,,,,,
MSFT,2025-08-28,,,,,,507.0899963378906,511.0899963378906,505.5,509.6400146484375,18015600.0,,,,,,,,,,,,,,,,,,,,,,,,,,,,,,,,,,,,,,,,
MSFT,2025-08-29,,,,,,508.6600036621094,509.6000061035156,504.489990234375,506.69000244140625,20961600.0,,,,,,,,,,,,,,,,,,,,,,,,,,,,,,,,,,,,,,,,
MSFT,2025-09-02,,,,,,500.4700012207031,506.0,496.80999755859375,505.1199951171875,18128000.0,,,,,,,,,,,,,,,,,,,,,,,,,,,,,,,,,,,,,,,,
MSFT,2025-09-03,,,,,,503.7900085449219,507.7900085449219,502.32000732421875,505.3500061035156,16345100.0,,,,,,,,,,,,,,,,,,,,,,,,,,,,,,,,,,,,,,,,
MSFT,2025-09-04,,,,,,504.29998779296875,508.1499938964844,503.1499938964844,507.9700012207031,15509500.0,,,,,,,,,,,,,,,,,,,,,,,,,,,,,,,,,,,,,,,,
MSFT,2025-09-05,,,,,,509.07000732421875,511.9700012207031,492.3699951171875,495.0,31994800.0,,,,,,,,,,,,,,,,,,,,,,,,,,,,,,,,,,,,,,,,
MSFT,2025-09-08,,,,,,498.1099853515625,501.20001220703125,495.0299987792969,498.20001220703125,16771000.0,,,,,,,,,,,,,,,,,,,,,,,,,,,,,,,,,,,,,,,,
MSFT,2025-09-09,,,,,,501.42999267578125,502.25,497.70001220703125,498.4100036621094,14410500.0,,,,,,,,,,,,,,,,,,,,,,,,,,,,,,,,,,,,,,,,
MSFT,2025-09-10,,,,,,502.9800109863281,503.2300109863281,496.7200012207031,500.3699951171875,21611800.0,,,,,,,,,,,,,,,,,,,,,,,,,,,,,,,,,,,,,,,,
MSFT,2025-09-11,,,,,,502.25,503.1700134277344,497.8800048828125,501.010009765625,18881600.0,,,,,,,,,,,,,,,,,,,,,,,,,,,,,,,,,,,,,,,,
MSFT,2025-09-12,,,,,,506.6499938964844,512.5499877929688,503.8500061035156,509.8999938964844,23624900.0,,,,,,,,,,,,,,,,,,,,,,,,,,,,,,,,,,,,,,,,
MSFT,2025-09-15,,,,,,508.7900085449219,515.469970703125,507.0,515.3599853515625,17143800.0,,,,,,,,,,,,,,,,,,,,,,,,,,,,,,,,,,,,,,,,
MSFT,2025-09-16,,,,,,516.8800048828125,517.22998046875,508.6000061035156,509.0400085449219,19711900.0,,,,,,,,,,,,,,,,,,,,,,,,,,,,,,,,,,,,,,,,
MSFT,2025-09-17,,,,,,510.6199951171875,511.2900085449219,505.92999267578125,510.0199890136719,15816600.0,,,,,,,,,,,,,,,,,,,,,,,,,,,,,,,,,,,,,,,,
MSFT,2025-09-18,,,,,,511.489990234375,513.0700073242188,507.6600036621094,508.45001220703125,18913700.0,,,,,,,,,,,,,,,,,,,,,,,,,,,,,,,,,,,,,,,,
MSFT,2025-09-19,,,,,,510.55999755859375,519.2999877929688,510.30999755859375,517.9299926757812,52474100.0,,,,,,,,,,,,,,,,,,,,,,,,,,,,,,,,,,,,,,,,
MSFT,2025-09-22,,,,,,515.5900268554688,517.739990234375,512.5399780273438,514.4500122070312,20009300.0,,,,,,,,,,,,,,,,,,,,,,,,,,,,,,,,,,,,,,,,
MSFT,2025-09-23,,,,,,513.7999877929688,514.5900268554688,507.30999755859375,509.2300109863281,19799600.0,,,,,,,,,,,,,,,,,,,,,,,,,,,,,,,,,,,,,,,,
MSFT,2025-09-24,,,,,,510.3800048828125,512.47998046875,506.9200134277344,510.1499938964844,13533700.0,,,,,,,,,,,,,,,,,,,,,,,,,,,,,,,,,,,,,,,,
MSFT,2025-09-25,,,,,,508.29998779296875,510.010009765625,505.0400085449219,507.0299987792969,15786500.0,,,,,,,,,,,,,,,,,,,,,,,,,,,,,,,,,,,,,,,,
MSFT,2025-09-26,,,,,,510.05999755859375,513.9400024414062,506.6199951171875,511.4599914550781,16213100.0,,,,,,,,,,,,,,,,,,,,,,,,,,,,,,,,,,,,,,,,
MSFT,2025-09-29,,,,,,511.5,516.8499755859375,508.8800048828125,514.5999755859375,17617800.0,,,,,,,,,,,,,,,,,,,,,,,,,,,,,,,,,,,,,,,,
MSFT,2025-09-30,,,,,,513.239990234375,518.1599731445312,509.6600036621094,517.9500122070312,19712400.0,,,,,,,,,,,,,,,,,,,,,,,,,,,,,,,,,,,,,,,,
GOOGL,2025-08-19,,,,,,,,,,,202.84857944432244,203.2582167438639,199.7813305987235,201.389892578125,24240200.0,,,,,,,,,,,,,,,,,,,,,,,,,,,,,,,,,,,
GOOGL,2025-08-20,,,,,,,,,,,200.55061989251405,201.10013145192505,196.4243208994537,199.1418914794922,28955500.0,,,,,,,,,,,,,,,,,,,,,,,,,,,,,,,,,,,
GOOGL,2025-08-21,,,,,,,,,,,199.57150268554688,202.29905887913935,199.25178132101763,199.57150268554688,19774600.0,,,,,,,,,,,,,,,,,,,,,,,,,,,,,,,,,,,
GOOGL,2025-08-22,,,,,,,,,,,202.54883983863883,208.353645687597,201.12012497867053,205.9058380126953,42827000.0,,,,,,,,,,,,,,,,,,,,,,,,,,,,,,,,,,,
GOOGL,2025-08-25,,,,,,,,,,,206.2455237198617,210.3318804204715,205.0965574752735,208.30369567871094,29928900.0,,,,,,,,,,,,,,,,,,,,,,,,,,,,,,,,,,,
GOOGL,2025-08-26,,,,,,,,,,,207.32455950181813,207.66426725745978,205.5161793925774,206.95489501953125,28464100.0,,,,,,,,,,,,,,,,,,,,,,,,,,,,,,,,,,,
GOOGL,2025-08-27,,,,,,,,,,,205.51617805576655,208.72331622375268,205.46621968804243,207.29458618164062,23022900.0,,,,,,,,,,,,,,,,,,,,,,,,,,,,,,,,,,,
GOOGL,2025-08-28,,,,,,,,,,,207.0648053873533,212.0303655105851,206.71511204255788,211.4508819580078,32339300.0,,,,,,,,,,,,,,,,,,,,,,,,,,,,,,,,,,,
GOOGL,2025-08-29,,,,,,,,,,,210.3218773757616,214.45817715575657,210.01215683893824,212.71974182128906,39728400.0,,,,,,,,,,,,,,,,,,,,,,,,,,,,,,,,,,,
GOOGL,2025-09-02,,,,,,,,,,,208.25374472878948,211.4908397743193,206.01574085860813,211.16114807128906,47523000.0,,,,,,,,,,,,,,,,,,,,,,,,,,,,,,,,,,,
GOOGL,2025-09-03,,,,,,,,,,,226.00786746880672,231.1033010071871,224.5891229524102,230.45388793945312,103336100.0,,,,,,,,,,,,,,,,,,,,,,,,,,,,,,,,,,,
GOOGL,2025-09-04,,,,,,,,,,,229.4447813472723,232.16235200669,225.90795135774627,232.09242248535156,51684200.0,,,,,,,,,,,,,,,,,,,,,,,,,,,,,,,,,,,
GOOGL,2025-09-05,,,,,,,,,,,231.9925075217388,235.54932393536487,231.69277254690593,234.79000854492188,46588900.0,,,,,,,,,,,,,,,,,,,,,,,,,,,,,,,,,,,
GOOGL,2025-09-08,,,,,,,,,,,235.47000122070312,238.1300048828125,233.6699981689453,234.0399932861328,32474700.0,,,,,,,,,,,,,,,,,,,,,,,,,,,,,,,,,,,
GOOGL,2025-09-09,,,,,,,,,,,234.1699981689453,240.47000122070312,233.22999572753906,239.6300048828125,38061000.0,,,,,,,,,,,,,,,,,,,,,,,,,,,,,,,,,,,
GOOGL,2025-09-10,,,,,,,,,,,238.89999389648438,241.66000366210938,237.85000610351562,239.1699981689453,35141100.0,,,,,,,,,,,,,,,,,,,,,,,,,,,,,,,,,,,
GOOGL,2025-09-11,,,,,,,,,,,239.8800048828125,242.25,236.25,240.3699951171875,30599300.0,,,,,,,,,,,,,,,,,,,,,,,,,,,,,,,,,,,
GOOGL,2025-09-12,,,,,,,,,,,240.3699951171875,242.0800018310547,238.0,240.8000030517578,26771600.0,,,,,,,,,,,,,,,,,,,,,,,,,,,,,,,,,,,
GOOGL,2025-09-15,,,,,,,,,,,244.66000366210938,252.41000366210938,244.66000366210938,251.61000061035156,58383800.0,,,,,,,,,,,,,,,,,,,,,,,,,,,,,,,,,,,
GOOGL,2025-09-16,,,,,,,,,,,252.0800018310547,253.0399932861328,249.47000122070312,251.16000366210938,34109700.0,,,,,,,,,,,,,,,,,,,,,,,,,,,,,,,,,,,
GOOGL,2025-09-17,,,,,,,,,,,251.22000122070312,251.60000610351562,246.27999877929688,249.52999877929688,34108000.0,,,,,,,,,,,,,,,,,,,,,,,,,,,,,,,,,,,
GOOGL,2025-09-18,,,,,,,,,,,251.67999267578125,253.99000549316406,249.8000030517578,252.02999877929688,31239500.0,,,,,,,,,,,,,,,,,,,,,,,,,,,,,,,,,,,
GOOGL,2025-09-19,,,,,,,,,,,253.25,256.0,251.80999755859375,254.72000122070312,55571400.0,,,,,,,,,,,,,,,,,,,,,,,,,,,,,,,,,,,
GOOGL,2025-09-22,,,,,,,,,,,254.42999267578125,255.77999877929688,250.3000030517578,252.52999877929688,32290500.0,,,,,,,,,,,,,,,,,,,,,,,,,,,,,,,,,,,
GOOGL,2025-09-23,,,,,,,,,,,253.0399932861328,254.36000061035156,250.47999572753906,251.66000366210938,26628000.0,,,,,,,,,,,,,,,,,,,,,,,,,,,,,,,,,,,
GOOGL,2025-09-24,,,,,,,,,,,251.66000366210938,252.35000610351562,246.44000244140625,247.13999938964844,28201000.0,,,,,,,,,,,,,,,,,,,,,,,,,,,,,,,,,,,
GOOGL,2025-09-25,,,,,,,,,,,244.39999389648438,246.49000549316406,240.74000549316406,245.7899932861328,31020400.0,,,,,,,,,,,,,,,,,,,,,,,,,,,,,,,,,,,
GOOGL,2025-09-26,,,,,,,,,,,247.07000732421875,249.4199981689453,245.97000122070312,246.5399932861328,18503200.0,,,,,,,,,,,,,,,,,,,,,,,,,,,,,,,,,,,
GOOGL,2025-09-29,,,,,,,,,,,247.85000610351562,251.14999389648438,242.77000427246094,244.0500030517578,32505800.0,,,,,,,,,,,,,,,,,,,,,,,,,,,,,,,,,,,
GOOGL,2025-09-30,,,,,,,,,,,242.80999755859375,243.2899932861328,239.25,243.10000610351562,34700500.0,,,,,,,,,,,,,,,,,,,,,,,,,,,,,,,,,,,
AMZN,2025-08-19,,,,,,,,,,,,,,,,230.08999633789062,230.52999877929688,227.1199951171875,228.00999450683594,29891000.0,,,,,,,,,,,,,,,,,,,,,,,,,,,,,,
AMZN,2025-08-20,,,,,,,,,,,,,,,,227.1199951171875,227.27000427246094,220.9199981689453,223.80999755859375,36604300.0,,,,,,,,,,,,,,,,,,,,,,,,,,,,,,
AMZN,2025-08-21,,,,,,,,,,,,,,,,222.64999389648438,222.77999877929688,220.5,221.9499969482422,32140500.0,,,,,,,,,,,,,,,,,,,,,,,,,,,,,,
AMZN,2025-08-22,,,,,,,,,,,,,,,,222.7899932861328,229.13999938964844,220.82000732421875,228.83999633789062,37315300.0,,,,,,,,,,,,,,,,,,,,,,,,,,,,,,
AMZN,2025-08-25,,,,,,,,,,,,,,,,227.35000610351562,229.60000610351562,227.30999755859375,227.94000244140625,22633700.0,,,,,,,,,,,,,,,,,,,,,,,,,,,,,,
AMZN,2025-08-26,,,,,,,,,,,,,,,,227.11000061035156,229.0,226.02000427246094,228.7100067138672,26105400.0,,,,,,,,,,,,,,,,,,,,,,,,,,,,,,
AMZN,2025-08-27,,,,,,,,,,,,,,,,228.57000732421875,229.8699951171875,227.80999755859375,229.1199951171875,21254500.0,,,,,,,,,,,,,,,,,,,,,,,,,,,,,,
AMZN,2025-08-28,,,,,,,,,,,,,,,,229.00999450683594,232.7100067138672,228.02000427246094,231.60000610351562,33679600.0,,,,,,,,,,,,,,,,,,,,,,,,,,,,,,
AMZN,2025-08-29,,,,,,,,,,,,,,,,231.32000732421875,231.80999755859375,228.16000366210938,229.0,26199200.0,,,,,,,,,,,,,,,,,,,,,,,,,,,,,,
AMZN,2025-09-02,,,,,,,,,,,,,,,,223.52000427246094,226.1699981689453,221.8300018310547,225.33999633789062,38843900.0,,,,,,,,,,,,,,,,,,,,,,,,,,,,,,
AMZN,2025-09-03,,,,,,,,,,,,,,,,225.2100067138672,227.1699981689453,224.36000061035156,225.99000549316406,29223100.0,,,,,,,,,,,,,,,,,,,,,,,,,,,,,,
AMZN,2025-09-04,,,,,,,,,,,,,,,,231.19000244140625,235.77000427246094,230.77999877929688,235.67999267578125,59391800.0,,,,,,,,,,,,,,,,,,,,,,,,,,,,,,
AMZN,2025-09-05,,,,,,,,,,,,,,,,235.19000244140625,236.0,231.92999267578125,232.3300018310547,36721800.0,,,,,,,,,,,,,,,,,,,,,,,,,,,,,,
AMZN,2025-09-08,,,,,,,,,,,,,,,,234.94000244140625,237.60000610351562,233.75,235.83999633789062,33947100.0,,,,,,,,,,,,,,,,,,,,,,,,,,,,,,
AMZN,2025-09-09,,,,,,,,,,,,,,,,236.36000061035156,238.85000610351562,235.0800018310547,238.24000549316406,27033800.0,,,,,,,,,,,,,,,,,,,,,,,,,,,,,,
AMZN,2025-09-10,,,,,,,,,,,,,,,,237.52000427246094,237.67999267578125,229.10000610351562,230.3300018310547,60907700.0,,,,,,,,,,,,,,,,,,,,,,,,,,,,,,
AMZN,2025-09-11,,,,,,,,,,,,,,,,231.49000549316406,231.52999877929688,229.33999633789062,229.9499969482422,37485600.0,,,,,,,,,,,,,,,,,,,,,,,,,,,,,,
AMZN,2025-09-12,,,,,,,,,,,,,,,,230.35000610351562,230.7899932861328,226.2899932861328,228.14999389648438,38496200.0,,,,,,,,,,,,,,,,,,,,,,,,,,,,,,
AMZN,2025-09-15,,,,,,,,,,,,,,,,230.6300048828125,233.72999572753906,230.32000732421875,231.42999267578125,33243300.0,,,,,,,,,,,,,,,,,,,,,,,,,,,,,,
AMZN,2025-09-16,,,,,,,,,,,,,,,,232.94000244140625,235.89999389648438,232.22999572753906,234.0500030517578,38203900.0,,,,,,,,,,,,,,,,,,,,,,,,,,,,,,
AMZN,2025-09-17,,,,,,,,,,,,,,,,233.77000427246094,234.3000030517578,228.7100067138672,231.6199951171875,42815200.0,,,,,,,,,,,,,,,,,,,,,,,,,,,,,,
AMZN,2025-09-18,,,,,,,,,,,,,,,,232.5,233.47999572753906,228.7899932861328,231.22999572753906,37931700.0,,,,,,,,,,,,,,,,,,,,,,,,,,,,,,
AMZN,2025-09-19,,,,,,,,,,,,,,,,232.3699951171875,234.16000366210938,229.6999969482422,231.47999572753906,97943200.0,,,,,,,,,,,,,,,,,,,,,,,,,,,,,,
AMZN,2025-09-22,,,,,,,,,,,,,,,,230.55999755859375,230.57000732421875,227.50999450683594,227.6300048828125,45914500.0,,,,,,,,,,,,,,,,,,,,,,,,,,,,,,
AMZN,2025-09-23,,,,,,,,,,,,,,,,227.8300018310547,227.86000061035156,220.07000732421875,220.7100067138672,70956200.0,,,,,,,,,,,,,,,,,,,,,,,,,,,,,,
AMZN,2025-09-24,,,,,,,,,,,,,,,,224.14999389648438,224.55999755859375,219.4499969482422,220.2100067138672,49509000.0,,,,,,,,,,,,,,,,,,,,,,,,,,,,,,
AMZN,2025-09-25,,,,,,,,,,,,,,,,220.05999755859375,220.6699981689453,216.47000122070312,218.14999389648438,52226300.0,,,,,,,,,,,,,,,,,,,,,,,,,,,,,,
AMZN,2025-09-26,,,,,,,,,,,,,,,,219.0800018310547,221.0500030517578,218.02000427246094,219.77999877929688,41650100.0,,,,,,,,,,,,,,,,,,,,,,,,,,,,,,
AMZN,2025-09-29,,,,,,,,,,,,,,,,220.0800018310547,222.60000610351562,219.3000030517578,222.1699981689453,44259200.0,,,,,,,,,,,,,,,,,,,,,,,,,,,,,,
AMZN,2025-09-30,,,,,,,,,,,,,,,,222.02999877929688,222.24000549316406,217.88999938964844,219.57000732421875,48294000.0,,,,,,,,,,,,,,,,,,,,,,,,,,,,,,
TSLA,2025-08-19,,,,,,,,,,,,,,,,,,,,,335.7900085449219,340.54998779296875,327.8500061035156,329.30999755859375,75956000.0,,,,,,,,,,,,,,,,,,,,,,,,,
TSLA,2025-08-20,,,,,,,,,,,,,,,,,,,,,329.2200012207031,331.3699951171875,314.6000061035156,323.8999938964844,77481800.0,,,,,,,,,,,,,,,,,,,,,,,,,
TSLA,2025-08-21,,,,,,,,,,,,,,,,,,,,,322.0799865722656,324.8999938964844,318.67999267578125,320.1099853515625,55744400.0,,,,,,,,,,,,,,,,,,,,,,,,,
TSLA,2025-08-22,,,,,,,,,,,,,,,,,,,,,321.6600036621094,340.25,319.69000244140625,340.010009765625,94016300.0,,,,,,,,,,,,,,,,,,,,,,,,,
TSLA,2025-08-25,,,,,,,,,,,,,,,,,,,,,338.8999938964844,349.5299987792969,335.0299987792969,346.6000061035156,86670000.0,,,,,,,,,,,,,,,,,,,,,,,,,
TSLA,2025-08-26,,,,,,,,,,,,,,,,,,,,,344.92999267578125,351.8999938964844,343.7200012207031,351.6700134277344,76651600.0,,,,,,,,,,,,,,,,,,,,,,,,,
TSLA,2025-08-27,,,,,,,,,,,,,,,,,,,,,351.94000244140625,355.3900146484375,349.1600036621094,349.6000061035156,65519000.0,,,,,,,,,,,,,,,,,,,,,,,,,
TSLA,2025-08-28,,,,,,,,,,,,,,,,,,,,,350.9100036621094,353.54998779296875,340.260009765625,345.9800109863281,67903200.0,,,,,,,,,,,,,,,,,,,,,,,,,
TSLA,2025-08-29,,,,,,,,,,,,,,,,,,,,,347.2300109863281,348.75,331.70001220703125,333.8699951171875,81145700.0,,,,,,,,,,,,,,,,,,,,,,,,,
TSLA,2025-09-02,,,,,,,,,,,,,,,,,,,,,328.2300109863281,333.3299865722656,325.6000061035156,329.3599853515625,58392000.0,,,,,,,,,,,,,,,,,,,,,,,,,
TSLA,2025-09-03,,,,,,,,,,,,,,,,,,,,,335.20001220703125,343.3299865722656,328.510009765625,334.0899963378906,88733300.0,,,,,,,,,,,,,,,,,,,,,,,,,
TSLA,2025-09-04,,,,,,,,,,,,,,,,,,,,,336.1499938964844,338.8900146484375,331.4800109863281,338.5299987792969,60711000.0,,,,,,,,,,,,,,,,,,,,,,,,,
TSLA,2025-09-05,,,,,,,,,,,,,,,,,,,,,348.0,355.8699951171875,344.67999267578125,350.8399963378906,108989800.0,,,,,,,,,,,,,,,,,,,,,,,,,
TSLA,2025-09-08,,,,,,,,,,,,,,,,,,,,,354.6400146484375,358.44000244140625,344.8399963378906,346.3999938964844,75208300.0,,,,,,,,,,,,,,,,,,,,,,,,,
TSLA,2025-09-09,,,,,,,,,,,,,,,,,,,,,348.44000244140625,350.7699890136719,343.82000732421875,346.9700012207031,53816000.0,,,,,,,,,,,,,,,,,,,,,,,,,
TSLA,2025-09-10,,,,,,,,,,,,,,,,,,,,,350.54998779296875,356.3299865722656,346.07000732421875,347.7900085449219,72121700.0,,,,,,,,,,,,,,,,,,,,,,,,,
TSLA,2025-09-11,,,,,,,,,,,,,,,,,,,,,350.1700134277344,368.989990234375,347.6000061035156,368.80999755859375,103756000.0,,,,,,,,,,,,,,,,,,,,,,,,,
TSLA,2025-09-12,,,,,,,,,,,,,,,,,,,,,370.94000244140625,396.69000244140625,370.239990234375,395.94000244140625,168156400.0,,,,,,,,,,,,,,,,,,,,,,,,,
TSLA,2025-09-15,,,,,,,,,,,,,,,,,,,,,423.1300048828125,425.70001220703125,402.42999267578125,410.0400085449219,163823700.0,,,,,,,,,,,,,,,,,,,,,,,,,
TSLA,2025-09-16,,,,,,,,,,,,,,,,,,,,,414.5,423.25,411.42999267578125,421.6199951171875,104285700.0,,,,,,,,,,,,,,,,,,,,,,,,,
TSLA,2025-09-17,,,,,,,,,,,,,,,,,,,,,415.75,428.30999755859375,409.6700134277344,425.8599853515625,106133500.0,,,,,,,,,,,,,,,,,,,,,,,,,
TSLA,2025-09-18,,,,,,,,,,,,,,,,,,,,,428.8699951171875,432.2200012207031,416.55999755859375,416.8500061035156,90454500.0,,,,,,,,,,,,,,,,,,,,,,,,,
TSLA,2025-09-19,,,,,,,,,,,,,,,,,,,,,421.82000732421875,429.4700012207031,421.7200012207031,426.07000732421875,93131000.0,,,,,,,,,,,,,,,,,,,,,,,,,
TSLA,2025-09-22,,,,,,,,,,,,,,,,,,,,,431.1099853515625,444.9800109863281,429.1300048828125,434.2099914550781,97108800.0,,,,,,,,,,,,,,,,,,,,,,,,,
TSLA,2025-09-23,,,,,,,,,,,,,,,,,,,,,439.8800048828125,440.9700012207031,423.7200012207031,425.8500061035156,83422700.0,,,,,,,,,,,,,,,,,,,,,,,,,
TSLA,2025-09-24,,,,,,,,,,,,,,,,,,,,,429.8299865722656,444.2099914550781,429.0299987792969,442.7900085449219,93133600.0,,,,,,,,,,,,,,,,,,,,,,,,,
TSLA,2025-09-25,,,,,,,,,,,,,,,,,,,,,435.239990234375,435.3500061035156,419.0799865722656,423.3900146484375,96746400.0,,,,,,,,,,,,,,,,,,,,,,,,,
TSLA,2025-09-26,,,,,,,,,,,,,,,,,,,,,428.29998779296875,440.4700012207031,421.0199890136719,440.3999938964844,101628200.0,,,,,,,,,,,,,,,,,,,,,,,,,
TSLA,2025-09-29,,,,,,,,,,,,,,,,,,,,,444.3500061035156,450.9800109863281,439.5,443.2099914550781,79491500.0,,,,,,,,,,,,,,,,,,,,,,,,,
TSLA,2025-09-30,,,,,,,,,,,,,,,,,,,,,441.5199890136719,445.0,433.1199951171875,444.7200012207031,74046900.0,,,,,,,,,,,,,,,,,,,,,,,,,
META,2025-08-19,,,,,,,,,,,,,,,,,,,,,,,,,,766.6026107662994,766.6525648449835,748.854579245516,750.97314453125,12286700.0,,,,,,,,,,,,,,,,,,,,
META,2025-08-20,,,,,,,,,,,,,,,,,,,,,,,,,,747.0657749776972,749.6940059349637,730.506944043105,747.2156372070312,11898200.0,,,,,,,,,,,,,,,,,,,,
META,2025-08-21,,,,,,,,,,,,,,,,,,,,,,,,,,744.2077027473434,744.9971479214436,732.6154905427838,738.6014404296875,8876300.0,,,,,,,,,,,,,,,,,,,,
META,2025-08-22,,,,,,,,,,,,,,,,,,,,,,,,,,738.7313812096488,756.389506981927,733.8946798718869,754.2808837890625,10612700.0,,,,,,,,,,,,,,,,,,,,
META,2025-08-25,,,,,,,,,,,,,,,,,,,,,,,,,,754.3108643612958,758.3681233608074,749.6240254313439,752.7918701171875,6861200.0,,,,,,,,,,,,,,,,,,,,
META,2025-08-26,,,,,,,,,,,,,,,,,,,,,,,,,,750.2936075268326,754.3608698171868,747.4355511046348,753.5913696289062,7601800.0,,,,,,,,,,,,,,,,,,,,
META,2025-08-27,,,,,,,,,,,,,,,,,,,,,,,,,,751.7925800305345,753.6413688476172,742.338999603057,746.8759155273438,8315400.0,,,,,,,,,,,,,,,,,,,,
META,2025-08-28,,,,,,,,,,,,,,,,,,,,,,,,,,743.4982035863915,752.5420875468095,740.3003496517379,750.6033935546875,7468000.0,,,,,,,,,,,,,,,,,,,,
META,2025-08-29,,,,,,,,,,,,,,,,,,,,,,,,,,744.7773613013366,746.6360921511391,734.8540051000575,738.2017822265625,9070500.0,,,,,,,,,,,,,,,,,,,,
META,2025-09-02,,,,,,,,,,,,,,,,,,,,,,,,,,725.5502463590637,735.5035500540433,721.2431559989143,734.6141357421875,9350900.0,,,,,,,,,,,,,,,,,,,,
META,2025-09-03,,,,,,,,,,,,,,,,,,,,,,,,,,735.5035768564753,739.7507102826166,733.4949228182503,736.5528564453125,7699300.0,,,,,,,,,,,,,,,,,,,,
META,2025-09-04,,,,,,,,,,,,,,,,,,,,,,,,,,748.0651174458885,760.6465916805791,745.3169722452417,748.1450805664062,11439100.0,,,,,,,,,,,,,,,,,,,,
META,2025-09-05,,,,,,,,,,,,,,,,,,,,,,,,,,752.1123731440612,757.4387952805295,744.5275265518461,751.9425048828125,9663400.0,,,,,,,,,,,,,,,,,,,,
META,2025-09-08,,,,,,,,,,,,,,,,,,,,,,,,,,755.4900579545978,765.992978439962,751.5127620882034,751.7925415039062,13087800.0,,,,,,,,,,,,,,,,,,,,
META,2025-09-09,,,,,,,,,,,,,,,,,,,,,,,,,,756.9790485610613,765.7831036056251,752.9217895494754,765.1835327148438,10999000.0,,,,,,,,,,,,,,,,,,,,
META,2025-09-10,,,,,,,,,,,,,,,,,,,,,,,,,,764.6139331888977,765.1835560495044,750.4934588375091,751.4727783203125,12478300.0,,,,,,,,,,,,,,,,,,,,
META,2025-09-11,,,,,,,,,,,,,,,,,,,,,,,,,,754.1410253741255,756.5893240941964,747.8652318538085,750.3935546875,7923300.0,,,,,,,,,,,,,,,,,,,,
META,2025-09-12,,,,,,,,,,,,,,,,,,,,,,,,,,748.2249639979328,757.0590282777322,743.2583455274284,755.0803833007812,8248600.0,,,,,,,,,,,,,,,,,,,,
META,2025-09-15,,,,,,,,,,,,,,,,,,,,,,,,,,756.9590394303372,773.547878937133,751.4827553370264,764.1842041015625,10533800.0,,,,,,,,,,,,,,,,,,,,
META,2025-09-16,,,,,,,,,,,,,,,,,,,,,,,,,,766.4826425887807,780.8329418323293,764.583899780601,778.4745483398438,11782500.0,,,,,,,,,,,,,,,,,,,,
META,2025-09-17,,,,,,,,,,,,,,,,,,,,,,,,,,779.4639169106475,782.7616789884555,765.7931508650867,775.19677734375,9400900.0,,,,,,,,,,,,,,,,,,,,
META,2025-09-18,,,,,,,,,,,,,,,,,,,,,,,,,,780.223417654285,788.2480310412486,772.8383872533639,779.7237548828125,10955000.0,,,,,,,,,,,,,,,,,,,,
META,2025-09-19,,,,,,,,,,,,,,,,,,,,,,,,,,785.8895354575697,790.2665859871321,768.6711767678263,777.85498046875,23696800.0,,,,,,,,,,,,,,,,,,,,
META,2025-09-22,,,,,,,,,,,,,,,,,,,,,,,,,,781.8499755859375,785.72998046875,764.469970703125,765.1599731445312,11706900.0,,,,,,,,,,,,,,,,,,,,
META,2025-09-23,,,,,,,,,,,,,,,,,,,,,,,,,,769.25,770.5999755859375,751.0700073242188,755.4000244140625,10872600.0,,,,,,,,,,,,,,,,,,,,
META,2025-09-24,,,,,,,,,,,,,,,,,,,,,,,,,,757.5,761.1099853515625,752.530029296875,760.6599731445312,8828200.0,,,,,,,,,,,,,,,,,,,,
META,2025-09-25,,,,,,,,,,,,,,,,,,,,,,,,,,753.4500122070312,756.77001953125,744.5499877929688,748.9099731445312,10591100.0,,,,,,,,,,,,,,,,,,,,
META,2025-09-26,,,,,,,,,,,,,,,,,,,,,,,,,,750.0,751.9299926757812,737.3499755859375,743.75,9696300.0,,,,,,,,,,,,,,,,,,,,
META,2025-09-29,,,,,,,,,,,,,,,,,,,,,,,,,,748.719970703125,750.780029296875,739.1500244140625,743.4000244140625,9246800.0,,,,,,,,,,,,,,,,,,,,
META,2025-09-30,,,,,,,,,,,,,,,,,,,,,,,,,,742.25,742.969970703125,726.2999877929688,734.3800048828125,16207600.0,,,,,,,,,,,,,,,,,,,,
NVDA,2025-08-19,,,,,,,,,,,,,,,,,,,,,,,,,,,,,,,182.41970688751834,182.4897102645763,175.48011099603517,175.63009643554688,185229200.0,,,,,,,,,,,,,,,
NVDA,2025-08-20,,,,,,,,,,,,,,,,,,,,,,,,,,,,,,,175.1601234390134,175.99007848098316,168.79048741289236,175.39010620117188,215142700.0,,,,,,,,,,,,,,,
NVDA,2025-08-21,,,,,,,,,,,,,,,,,,,,,,,,,,,,,,,174.8401410010552,176.89001313294924,173.80019113380274,174.97012329101562,140040900.0,,,,,,,,,,,,,,,
NVDA,2025-08-22,,,,,,,,,,,,,,,,,,,,,,,,,,,,,,,172.60026380920357,178.57992220965232,171.19033968434712,177.97996520996094,172789400.0,,,,,,,,,,,,,,,
NVDA,2025-08-25,,,,,,,,,,,,,,,,,,,,,,,,,,,,,,,178.3399565343825,181.89975349617023,176.56005805348863,179.79986572265625,163012800.0,,,,,,,,,,,,,,,
NVDA,2025-08-26,,,,,,,,,,,,,,,,,,,,,,,,,,,,,,,180.04984011627135,182.379710508586,178.79991063056144,181.75975036621094,168688200.0,,,,,,,,,,,,,,,
NVDA,2025-08-27,,,,,,,,,,,,,,,,,,,,,,,,,,,,,,,181.96973565618129,182.47971666734583,179.0899084065932,181.5897674560547,235518900.0,,,,,,,,,,,,,,,
NVDA,2025-08-28,,,,,,,,,,,,,,,,,,,,,,,,,,,,,,,180.80980830742462,184.45959632874283,176.40005338826177,180.1598358154297,281787800.0,,,,,,,,,,,,,,,
NVDA,2025-08-29,,,,,,,,,,,,,,,,,,,,,,,,,,,,,,,178.099952232122,178.13994326196564,173.14022534545884,174.170166015625,243257900.0,,,,,,,,,,,,,,,
NVDA,2025-09-02,,,,,,,,,,,,,,,,,,,,,,,,,,,,,,,169.99041567915194,172.37028638119727,167.2105736316213,170.77037048339844,231164900.0,,,,,,,,,,,,,,,
NVDA,2025-09-03,,,,,,,,,,,,,,,,,,,,,,,,,,,,,,,171.0503597309562,172.40028977270214,168.8704898798795,170.61038208007812,164424900.0,,,,,,,,,,,,,,,
NVDA,2025-09-04,,,,,,,,,,,,,,,,,,,,,,,,,,,,,,,170.56039467979372,171.85031526705663,169.40045639085815,171.65032958984375,141670100.0,,,,,,,,,,,,,,,
NVDA,2025-09-05,,,,,,,,,,,,,,,,,,,,,,,,,,,,,,,168.02052717453523,169.02047080600087,164.06075893837155,167.01058959960938,224441400.0,,,,,,,,,,,,,,,
NVDA,2025-09-08,,,,,,,,,,,,,,,,,,,,,,,,,,,,,,,167.5405549408978,170.95036631358883,167.34056927044318,168.30050659179688,163769100.0,,,,,,,,,,,,,,,
NVDA,2025-09-09,,,,,,,,,,,,,,,,,,,,,,,,,,,,,,,169.08046220477644,170.97035502688004,166.7306038641957,170.7503662109375,157548400.0,,,,,,,,,,,,,,,
NVDA,2025-09-10,,,,,,,,,,,,,,,,,,,,,,,,,,,,,,,176.63004377208136,179.2798883121013,175.46011154547278,177.32000732421875,226852000.0,,,,,,,,,,,,,,,
NVDA,2025-09-11,,,,,,,,,,,,,,,,,,,,,,,,,,,,,,,179.67999267578125,180.27999877929688,176.47999572753906,177.1699981689453,151159300.0,,,,,,,,,,,,,,,
NVDA,2025-09-12,,,,,,,,,,,,,,,,,,,,,,,,,,,,,,,177.77000427246094,178.60000610351562,176.4499969482422,177.82000732421875,124911000.0,,,,,,,,,,,,,,,
NVDA,2025-09-15,,,,,,,,,,,,,,,,,,,,,,,,,,,,,,,175.6699981689453,178.85000610351562,174.50999450683594,177.75,147061600.0,,,,,,,,,,,,,,,
NVDA,2025-09-16,,,,,,,,,,,,,,,,,,,,,,,,,,,,,,,177.0,177.5,174.3800048828125,174.8800048828125,140737800.0,,,,,,,,,,,,,,,
NVDA,2025-09-17,,,,,,,,,,,,,,,,,,,,,,,,,,,,,,,172.63999938964844,173.1999969482422,168.41000366210938,170.2899932861328,211843800.0,,,,,,,,,,,,,,,
NVDA,2025-09-18,,,,,,,,,,,,,,,,,,,,,,,,,,,,,,,173.97999572753906,177.10000610351562,172.9600067138672,176.24000549316406,191763300.0,,,,,,,,,,,,,,,
NVDA,2025-09-19,,,,,,,,,,,,,,,,,,,,,,,,,,,,,,,175.77000427246094,178.0800018310547,175.17999267578125,176.6699981689453,237182100.0,,,,,,,,,,,,,,,
NVDA,2025-09-22,,,,,,,,,,,,,,,,,,,,,,,,,,,,,,,175.3000030517578,184.5500030517578,174.7100067138672,183.61000061035156,269637000.0,,,,,,,,,,,,,,,
NVDA,2025-09-23,,,,,,,,,,,,,,,,,,,,,,,,,,,,,,,181.97000122070312,182.4199981689453,176.2100067138672,178.42999267578125,192559600.0,,,,,,,,,,,,,,,
NVDA,2025-09-24,,,,,,,,,,,,,,,,,,,,,,,,,,,,,,,179.77000427246094,179.77999877929688,175.39999389648438,176.97000122070312,143564100.0,,,,,,,,,,,,,,,
NVDA,2025-09-25,,,,,,,,,,,,,,,,,,,,,,,,,,,,,,,174.47999572753906,180.25999450683594,173.1300048828125,177.69000244140625,191586700.0,,,,,,,,,,,,,,,
NVDA,2025-09-26,,,,,,,,,,,,,,,,,,,,,,,,,,,,,,,178.1699981689453,179.77000427246094,174.92999267578125,178.19000244140625,148573700.0,,,,,,,,,,,,,,,
NVDA,2025-09-29,,,,,,,,,,,,,,,,,,,,,,,,,,,,,,,180.42999267578125,184.0,180.32000732421875,181.85000610351562,193063500.0,,,,,,,,,,,,,,,
NVDA,2025-09-30,,,,,,,,,,,,,,,,,,,,,,,,,,,,,,,182.0800018310547,187.35000610351562,181.47999572753906,186.5800018310547,236479800.0,,,,,,,,,,,,,,,
NFLX,2025-08-19,,,,,,,,,,,,,,,,,,,,,,,,,,,,,,,,,,,,1240.199951171875,1241.0,1192.7900390625,1214.1500244140625,3707700.0,,,,,,,,,,
NFLX,2025-08-20,,,,,,,,,,,,,,,,,,,,,,,,,,,,,,,,,,,,1218.0,1223.0,1193.31005859375,1213.8599853515625,2434400.0,,,,,,,,,,
NFLX,2025-08-21,,,,,,,,,,,,,,,,,,,,,,,,,,,,,,,,,,,,1211.4300537109375,1221.4000244140625,1197.6400146484375,1206.2099609375,2047200.0,,,,,,,,,,
NFLX,2025-08-22,,,,,,,,,,,,,,,,,,,,,,,,,,,,,,,,,,,,1208.8800048828125,1213.6199951171875,1198.22998046875,1204.6500244140625,3128100.0,,,,,,,,,,
NFLX,2025-08-25,,,,,,,,,,,,,,,,,,,,,,,,,,,,,,,,,,,,1201.6500244140625,1233.800048828125,1199.0,1218.0699462890625,2812000.0,,,,,,,,,,
NFLX,2025-08-26,,,,,,,,,,,,,,,,,,,,,,,,,,,,,,,,,,,,1220.2099609375,1231.5,1212.199951171875,1226.0899658203125,1985700.0,,,,,,,,,,
NFLX,2025-08-27,,,,,,,,,,,,,,,,,,,,,,,,,,,,,,,,,,,,1223.6099853515625,1229.2099609375,1213.0,1223.5,1664500.0,,,,,,,,,,
NFLX,2025-08-28,,,,,,,,,,,,,,,,,,,,,,,,,,,,,,,,,,,,1222.7900390625,1237.8900146484375,1214.27001953125,1231.449951171875,1950300.0,,,,,,,,,,
NFLX,2025-08-29,,,,,,,,,,,,,,,,,,,,,,,,,,,,,,,,,,,,1227.969970703125,1228.7900390625,1201.1500244140625,1208.25,3209800.0,,,,,,,,,,
NFLX,2025-09-02,,,,,,,,,,,,,,,,,,,,,,,,,,,,,,,,,,,,1197.0,1215.4000244140625,1182.800048828125,1214.1099853515625,2303300.0,,,,,,,,,,
NFLX,2025-09-03,,,,,,,,,,,,,,,,,,,,,,,,,,,,,,,,,,,,1205.1400146484375,1227.0,1203.3800048828125,1226.1800537109375,2471500.0,,,,,,,,,,
NFLX,2025-09-04,,,,,,,,,,,,,,,,,,,,,,,,,,,,,,,,,,,,1223.199951171875,1257.47998046875,1223.0899658203125,1257.47998046875,3023500.0,,,,,,,,,,
NFLX,2025-09-05,,,,,,,,,,,,,,,,,,,,,,,,,,,,,,,,,,,,1260.0,1267.0999755859375,1239.02001953125,1243.8199462890625,2379700.0,,,,,,,,,,
NFLX,2025-09-08,,,,,,,,,,,,,,,,,,,,,,,,,,,,,,,,,,,,1248.5400390625,1252.0400390625,1232.0,1244.760009765625,1915100.0,,,,,,,,,,
NFLX,2025-09-09,,,,,,,,,,,,,,,,,,,,,,,,,,,,,,,,,,,,1246.6700439453125,1265.719970703125,1246.6700439453125,1263.25,2219700.0,,,,,,,,,,
NFLX,2025-09-10,,,,,,,,,,,,,,,,,,,,,,,,,,,,,,,,,,,,1263.969970703125,1267.0,1246.3599853515625,1247.7099609375,2701000.0,,,,,,,,,,
NFLX,2025-09-11,,,,,,,,,,,,,,,,,,,,,,,,,,,,,,,,,,,,1251.0,1253.449951171875,1192.0,1203.5,5682300.0,,,,,,,,,,
NFLX,2025-09-12,,,,,,,,,,,,,,,,,,,,,,,,,,,,,,,,,,,,1203.06005859375,1211.780029296875,1182.4000244140625,1188.43994140625,3784900.0,,,,,,,,,,
NFLX,2025-09-15,,,,,,,,,,,,,,,,,,,,,,,,,,,,,,,,,,,,1188.4000244140625,1207.239990234375,1173.2099609375,1202.260009765625,2909300.0,,,,,,,,,,
NFLX,2025-09-16,,,,,,,,,,,,,,,,,,,,,,,,,,,,,,,,,,,,1205.6400146484375,1209.0,1197.280029296875,1200.510009765625,2404700.0,,,,,,,,,,
NFLX,2025-09-17,,,,,,,,,,,,,,,,,,,,,,,,,,,,,,,,,,,,1221.02001953125,1233.9300537109375,1206.6099853515625,1228.5,3459800.0,,,,,,,,,,
NFLX,2025-09-18,,,,,,,,,,,,,,,,,,,,,,,,,,,,,,,,,,,,1220.8199462890625,1233.0,1205.5,1207.780029296875,3169100.0,,,,,,,,,,
NFLX,2025-09-19,,,,,,,,,,,,,,,,,,,,,,,,,,,,,,,,,,,,1218.6199951171875,1229.949951171875,1208.0999755859375,1226.969970703125,4947600.0,,,,,,,,,,
NFLX,2025-09-22,,,,,,,,,,,,,,,,,,,,,,,,,,,,,,,,,,,,1221.9000244140625,1229.760009765625,1214.239990234375,1227.3699951171875,2546800.0,,,,,,,,,,
NFLX,2025-09-23,,,,,,,,,,,,,,,,,,,,,,,,,,,,,,,,,,,,1227.3299560546875,1227.7900390625,1208.469970703125,1218.469970703125,2499100.0,,,,,,,,,,
NFLX,2025-09-24,,,,,,,,,,,,,,,,,,,,,,,,,,,,,,,,,,,,1218.6099853515625,1221.5,1194.199951171875,1203.949951171875,2773100.0,,,,,,,,,,
NFLX,2025-09-25,,,,,,,,,,,,,,,,,,,,,,,,,,,,,,,,,,,,1203.0899658203125,1216.8399658203125,1191.510009765625,1208.239990234375,1997800.0,,,,,,,,,,
NFLX,2025-09-26,,,,,,,,,,,,,,,,,,,,,,,,,,,,,,,,,,,,1205.4200439453125,1214.0,1200.0,1210.6099853515625,1945000.0,,,,,,,,,,
NFLX,2025-09-29,,,,,,,,,,,,,,,,,,,,,,,,,,,,,,,,,,,,1205.0,1224.489990234375,1187.5400390625,1206.4100341796875,3033200.0,,,,,,,,,,
NFLX,2025-09-30,,,,,,,,,,,,,,,,,,,,,,,,,,,,,,,,,,,,1206.4100341796875,1208.5,1178.0,1198.9200439453125,3823900.0,,,,,,,,,,
INTC,2025-08-19,,,,,,,,,,,,,,,,,,,,,,,,,,,,,,,,,,,,,,,,,24.940000534057617,26.530000686645508,24.940000534057617,25.309999465942383,297659200.0,,,,,
INTC,2025-08-20,,,,,,,,,,,,,,,,,,,,,,,,,,,,,,,,,,,,,,,,,24.899999618530273,24.93000030517578,23.329999923706055,23.540000915527344,161149400.0,,,,,
INTC,2025-08-21,,,,,,,,,,,,,,,,,,,,,,,,,,,,,,,,,,,,,,,,,23.530000686645508,23.56999969482422,22.780000686645508,23.5,97718300.0,,,,,
INTC,2025-08-22,,,,,,,,,,,,,,,,,,,,,,,,,,,,,,,,,,,,,,,,,23.649999618530273,25.229999542236328,23.649999618530273,24.799999237060547,200266800.0,,,,,
INTC,2025-08-25,,,,,,,,,,,,,,,,,,,,,,,,,,,,,,,,,,,,,,,,,25.5,25.8799991607666,24.440000534057617,24.549999237060547,156825600.0,,,,,
INTC,2025-08-26,,,,,,,,,,,,,,,,,,,,,,,,,,,,,,,,,,,,,,,,,24.579999923706055,24.739999771118164,24.100000381469727,24.350000381469727,78558200.0,,,,,
INTC,2025-08-27,,,,,,,,,,,,,,,,,,,,,,,,,,,,,,,,,,,,,,,,,24.190000534057617,24.989999771118164,24.049999237060547,24.850000381469727,90934400.0,,,,,
INTC,2025-08-28,,,,,,,,,,,,,,,,,,,,,,,,,,,,,,,,,,,,,,,,,24.959999084472656,25.139999389648438,24.610000610351562,24.93000030517578,60035100.0,,,,,
INTC,2025-08-29,,,,,,,,,,,,,,,,,,,,,,,,,,,,,,,,,,,,,,,,,24.760000228881836,24.969999313354492,24.280000686645508,24.350000381469727,63734400.0,,,,,
INTC,2025-09-02,,,,,,,,,,,,,,,,,,,,,,,,,,,,,,,,,,,,,,,,,23.8799991607666,24.239999771118164,23.68000030517578,24.209999084472656,57661800.0,,,,,
INTC,2025-09-03,,,,,,,,,,,,,,,,,,,,,,,,,,,,,,,,,,,,,,,,,24.09000015258789,24.09000015258789,23.719999313354492,24.0,47822900.0,,,,,
INTC,2025-09-04,,,,,,,,,,,,,,,,,,,,,,,,,,,,,,,,,,,,,,,,,23.850000381469727,24.639999389648438,23.75,24.610000610351562,59056500.0,,,,,
INTC,2025-09-05,,,,,,,,,,,,,,,,,,,,,,,,,,,,,,,,,,,,,,,,,24.600000381469727,24.709999084472656,24.170000076293945,24.489999771118164,55975300.0,,,,,
INTC,2025-09-08,,,,,,,,,,,,,,,,,,,,,,,,,,,,,,,,,,,,,,,,,24.479999542236328,24.739999771118164,24.1200008392334,24.479999542236328,51122100.0,,,,,
INTC,2025-09-09,,,,,,,,,,,,,,,,,,,,,,,,,,,,,,,,,,,,,,,,,24.530000686645508,24.809999465942383,24.270000457763672,24.440000534057617,42146200.0,,,,,
INTC,2025-09-10,,,,,,,,,,,,,,,,,,,,,,,,,,,,,,,,,,,,,,,,,24.420000076293945,24.8700008392334,24.280000686645508,24.770000457763672,61600700.0,,,,,
INTC,2025-09-11,,,,,,,,,,,,,,,,,,,,,,,,,,,,,,,,,,,,,,,,,24.760000228881836,24.93000030517578,24.56999969482422,24.610000610351562,55536900.0,,,,,
INTC,2025-09-12,,,,,,,,,,,,,,,,,,,,,,,,,,,,,,,,,,,,,,,,,24.610000610351562,24.6299991607666,24.049999237060547,24.079999923706055,52672800.0,,,,,
INTC,2025-09-15,,,,,,,,,,,,,,,,,,,,,,,,,,,,,,,,,,,,,,,,,24.329999923706055,25.459999084472656,24.219999313354492,24.770000457763672,83951600.0,,,,,
INTC,2025-09-16,,,,,,,,,,,,,,,,,,,,,,,,,,,,,,,,,,,,,,,,,24.81999969482422,25.34000015258789,24.690000534057617,25.270000457763672,60336600.0,,,,,
INTC,2025-09-17,,,,,,,,,,,,,,,,,,,,,,,,,,,,,,,,,,,,,,,,,25.079999923706055,25.260000228881836,24.450000762939453,24.899999618530273,63093700.0,,,,,
INTC,2025-09-18,,,,,,,,,,,,,,,,,,,,,,,,,,,,,,,,,,,,,,,,,31.780000686645508,32.380001068115234,30.15999984741211,30.56999969482422,523908000.0,,,,,
INTC,2025-09-19,,,,,,,,,,,,,,,,,,,,,,,,,,,,,,,,,,,,,,,,,30.3799991607666,30.6299991607666,29.329999923706055,29.579999923706055,225702900.0,,,,,
INTC,2025-09-22,,,,,,,,,,,,,,,,,,,,,,,,,,,,,,,,,,,,,,,,,29.670000076293945,30.100000381469727,28.729999542236328,28.760000228881836,130314500.0,,,,,
INTC,2025-09-23,,,,,,,,,,,,,,,,,,,,,,,,,,,,,,,,,,,,,,,,,28.989999771118164,30.200000762939453,28.81999969482422,29.34000015258789,126317900.0,,,,,
INTC,2025-09-24,,,,,,,,,,,,,,,,,,,,,,,,,,,,,,,,,,,,,,,,,29.3799991607666,31.700000762939453,29.229999542236328,31.219999313354492,164458500.0,,,,,
INTC,2025-09-25,,,,,,,,,,,,,,,,,,,,,,,,,,,,,,,,,,,,,,,,,31.610000610351562,34.25,31.209999084472656,33.9900016784668,295709300.0,,,,,
INTC,2025-09-26,,,,,,,,,,,,,,,,,,,,,,,,,,,,,,,,,,,,,,,,,35.02000045776367,36.29999923706055,34.4900016784668,35.5,268583300.0,,,,,
INTC,2025-09-29,,,,,,,,,,,,,,,,,,,,,,,,,,,,,,,,,,,,,,,,,34.52000045776367,35.04999923706055,33.72999954223633,34.47999954223633,152605900.0,,,,,
INTC,2025-09-30,,,,,,,,,,,,,,,,,,,,,,,,,,,,,,,,,,,,,,,,,33.93000030517578,34.2400016784668,33.02000045776367,33.54999923706055,124468400.0,,,,,
PYPL,2025-08-19,,,,,,,,,,,,,,,,,,,,,,,,,,,,,,,,,,,,,,,,,,,,,,69.79000091552734,70.36499786376953,68.93000030517578,69.05000305175781,9052800.0
PYPL,2025-08-20,,,,,,,,,,,,,,,,,,,,,,,,,,,,,,,,,,,,,,,,,,,,,,68.94000244140625,69.11000061035156,67.68000030517578,68.08000183105469,9992300.0
PYPL,2025-08-21,,,,,,,,,,,,,,,,,,,,,,,,,,,,,,,,,,,,,,,,,,,,,,67.68000030517578,67.87000274658203,66.92500305175781,67.55000305175781,7039500.0
PYPL,2025-08-22,,,,,,,,,,,,,,,,,,,,,,,,,,,,,,,,,,,,,,,,,,,,,,67.91000366210938,70.1500015258789,67.81999969482422,69.9000015258789,9394100.0
PYPL,2025-08-25,,,,,,,,,,,,,,,,,,,,,,,,,,,,,,,,,,,,,,,,,,,,,,69.6500015258789,69.80999755859375,69.04000091552734,69.4800033569336,6460300.0
PYPL,2025-08-26,,,,,,,,,,,,,,,,,,,,,,,,,,,,,,,,,,,,,,,,,,,,,,69.4000015258789,70.25,69.18000030517578,70.18000030517578,9471500.0
PYPL,2025-08-27,,,,,,,,,,,,,,,,,,,,,,,,,,,,,,,,,,,,,,,,,,,,,,68.7300033569336,70.08000183105469,68.69100189208984,69.6500015258789,8648200.0
PYPL,2025-08-28,,,,,,,,,,,,,,,,,,,,,,,,,,,,,,,,,,,,,,,,,,,,,,70.0,70.55999755859375,69.52999877929688,70.05999755859375,5882000.0
PYPL,2025-08-29,,,,,,,,,,,,,,,,,,,,,,,,,,,,,,,,,,,,,,,,,,,,,,70.0199966430664,70.69999694824219,69.9000015258789,70.19000244140625,5636300.0
PYPL,2025-09-02,,,,,,,,,,,,,,,,,,,,,,,,,,,,,,,,,,,,,,,,,,,,,,68.91999816894531,69.3740005493164,68.1500015258789,69.25,12882500.0
PYPL,2025-09-03,,,,,,,,,,,,,,,,,,,,,,,,,,,,,,,,,,,,,,,,,,,,,,68.91000366210938,69.88999938964844,68.80000305175781,69.63999938964844,11808200.0
PYPL,2025-09-04,,,,,,,,,,,,,,,,,,,,,,,,,,,,,,,,,,,,,,,,,,,,,,69.69999694824219,69.9000015258789,66.2300033569336,68.45999908447266,14063500.0
PYPL,2025-09-05,,,,,,,,,,,,,,,,,,,,,,,,,,,,,,,,,,,,,,,,,,,,,,68.87999725341797,69.94000244140625,68.16999816894531,68.26000213623047,7794300.0
PYPL,2025-09-08,,,,,,,,,,,,,,,,,,,,,,,,,,,,,,,,,,,,,,,,,,,,,,68.45999908447266,68.58999633789062,67.80000305175781,68.4000015258789,7954900.0
PYPL,2025-09-09,,,,,,,,,,,,,,,,,,,,,,,,,,,,,,,,,,,,,,,,,,,,,,68.19999694824219,68.5,67.52999877929688,67.68000030517578,8776500.0
PYPL,2025-09-10,,,,,,,,,,,,,,,,,,,,,,,,,,,,,,,,,,,,,,,,,,,,,,67.4800033569336,68.02999877929688,65.23500061035156,65.63999938964844,14352500.0
PYPL,2025-09-11,,,,,,,,,,,,,,,,,,,,,,,,,,,,,,,,,,,,,,,,,,,,,,65.75,67.3499984741211,65.70999908447266,67.2699966430664,11154400.0
PYPL,2025-09-12,,,,,,,,,,,,,,,,,,,,,,,,,,,,,,,,,,,,,,,,,,,,,,67.20999908447266,67.75,66.86000061035156,66.88999938964844,7505600.0
PYPL,2025-09-15,,,,,,,,,,,,,,,,,,,,,,,,,,,,,,,,,,,,,,,,,,,,,,67.30000305175781,68.19000244140625,66.8030014038086,67.11000061035156,9597900.0
PYPL,2025-09-16,,,,,,,,,,,,,,,,,,,,,,,,,,,,,,,,,,,,,,,,,,,,,,66.83499908447266,67.13999938964844,66.1050033569336,66.8499984741211,9353900.0
PYPL,2025-09-17,,,,,,,,,,,,,,,,,,,,,,,,,,,,,,,,,,,,,,,,,,,,,,67.13999938964844,69.2699966430664,67.0,68.62000274658203,18607800.0
PYPL,2025-09-18,,,,,,,,,,,,,,,,,,,,,,,,,,,,,,,,,,,,,,,,,,,,,,70.08000183105469,70.30000305175781,68.33000183105469,68.5199966430664,14330500.0
PYPL,2025-09-19,,,,,,,,,,,,,,,,,,,,,,,,,,,,,,,,,,,,,,,,,,,,,,68.76000213623047,68.8499984741211,67.92500305175781,68.22000122070312,19774200.0
PYPL,2025-09-22,,,,,,,,,,,,,,,,,,,,,,,,,,,,,,,,,,,,,,,,,,,,,,67.76000213623047,68.11000061035156,67.05000305175781,67.68000030517578,13298200.0
PYPL,2025-09-23,,,,,,,,,,,,,,,,,,,,,,,,,,,,,,,,,,,,,,,,,,,,,,67.80500030517578,68.98999786376953,67.12000274658203,67.30999755859375,10449000.0
PYPL,2025-09-24,,,,,,,,,,,,,,,,,,,,,,,,,,,,,,,,,,,,,,,,,,,,,,67.6500015258789,68.58000183105469,67.44000244140625,67.86000061035156,9180600.0
PYPL,2025-09-25,,,,,,,,,,,,,,,,,,,,,,,,,,,,,,,,,,,,,,,,,,,,,,67.26000213623047,67.48999786376953,66.19999694824219,66.73999786376953,10773700.0
PYPL,2025-09-26,,,,,,,,,,,,,,,,,,,,,,,,,,,,,,,,,,,,,,,,,,,,,,67.0,67.62999725341797,66.31999969482422,67.30000305175781,8431600.0
PYPL,2025-09-29,,,,,,,,,,,,,,,,,,,,,,,,,,,,,,,,,,,,,,,,,,,,,,67.95999908447266,71.26000213623047,67.88999938964844,69.68000030517578,28497000.0
PYPL,2025-09-30,,,,,,,,,,,,,,,,,,,,,,,,,,,,,,,,,,,,,,,,,,,,,,69.82499694824219,69.83000183105469,66.8499984741211,67.05999755859375,21365000.0
